id,source_type,url
brooks-adrenaline-gts-25-pdp,owned,"https://www.brooksrunning.com/en_us/mens/shoes/road-running-shoes/adrenaline-gts-25/110454.html"
brooks-adrenaline-gts-series,owned,"https://www.brooksrunning.com/en_us/featured/adrenaline-gts/"
brooks-overpronation-solutions,owned,"https://www.brooksrunning.com/en_us/featured/solutions/overpronation/"
brooks-flat-feet-solutions,owned,"https://www.brooksrunning.com/en_us/featured/solutions/flat-feet-running-shoes/"
brooks-ghost-17-pdp,owned,"https://www.brooksrunning.com/en_us/mens/shoes/road-running-shoes/ghost-17/110442.html"
brooks-run-happy-promise,owned,"https://www.brooksrunning.com/en_us/brooks-run-happy-promise/"
brooks-adrenaline-gts-evolution,owned,"https://www.brooksrunning.com/en_us/blog/gear-stories/adrenaline-gts-evolution.html"
runrepeat-overpronation-guide,editorial,"https://runrepeat.com/guides/best-overpronation-running-shoes"
runrepeat-flatfeet-guide,editorial,"https://runrepeat.com/guides/best-flat-feet-running-shoes"
runrepeat-stability-guide,editorial,"https://runrepeat.com/guides/best-stability-running-shoes"
believeintherun-gts25,editorial,"https://believeintherun.com/shoe-reviews/brooks-adrenaline-gts-25-review/"
marathonhandbook-adrenaline-vs-kayano,editorial,"https://marathonhandbook.com/brooks-adrenaline-vs-asics-kayano/"
marathonhandbook-rw-style-consensus,editorial,"https://marathonhandbook.com/brooks-adrenaline-vs-asics-kayano/"
rsg-severe-overpronation-adrenaline23,community,"https://www.reddit.com/r/RunningShoeGeeks/comments/16nu9p5/severe_over_pronation_brooks_adrenaline_23/"
rsg-pronators-stability-shoes-worse,community,"https://www.reddit.com/r/RunningShoeGeeks/comments/zi8a87/have_any_other_pronators_found_that_stability/"
rsg-shoes-for-flat-feet-overpronation,community,"https://www.reddit.com/r/RunningShoeGeeks/comments/128mc7x/shoes_for_flat_feet_overpronation/"
askrsg-new-runner-flat-pronated,community,"https://www.reddit.com/r/AskRunningShoeGeeks/comments/1klzbcs/shoe_for_new_runner_with_flat_pronated_feet/"
askrsg-overpronation-flatfeet-midfoot,community,"https://www.reddit.com/r/AskRunningShoeGeeks/comments/1tkt08t/best_shoes_for_overpronation_flat_feet_and/"
running-flat-feet-prefers-newbalance,community,"https://www.reddit.com/r/running/comments/f8i3oh/finding_the_right_shoeflat_feet_overpronation/"
askrsg-stability-fast,community,"https://www.reddit.com/r/AskRunningShoeGeeks/comments/1pc8rit/stability_shoes_for_overpronation_that_are_fast/"
runninglifestyle-severe-overpronation-brands,community,"https://www.reddit.com/r/runninglifestyle/comments/1r3v94f/what_are_really_good_running_shoes_or_brands_on/"
running-saucony-nb-or-brooks,community,"https://www.reddit.com/r/running/comments/q9xkn4/saucony_new_balance_or_brooks/"
brooks-adrenaline-gts-23,structured-specs,"https://runrepeat.com/brooks-adrenaline-gts-23"
brooks-ghost-16,structured-specs,"https://runrepeat.com/brooks-ghost-16"
hoka-arahi-7,structured-specs,"https://runrepeat.com/hoka-arahi-7"
asics-gt-2000-13,structured-specs,"https://runrepeat.com/asics-gt-2000-13"
saucony-tempus-1,structured-specs,"https://runrepeat.com/saucony-tempus"
nb-860v14,structured-specs,"https://runrepeat.com/new-balance-fresh-foam-x-860-v14"
